Race	Background	Origine + lien avec Valombre	Raison de partir à l’aventure	Accroche d'histoire personnelle
Humains	Étudiant recalé de l’Université	Ancien étudiant de l’Université Arcanique. Il a quitté les cours après un échec public ou une exclusion discrète.	Il cherche une preuve de compétence que l’Université ne pourra pas ignorer.	Le professeur qui l’a humilié a falsifié l’épreuve pour couvrir une recherche interdite. Retrouver les notes volées pourrait laver son nom, mais aussi révéler pourquoi l’Université protège ce mensonge.
Humains	Héritier d’une petite maison marchande	Issu d’une famille de marchands modestes des Hauteurs. Sa maison dépend des routes commerciales et des mines.	Les affaires familiales déclinent depuis la mort d'un de ses parents. Il cherche à sauver la maison.	Un carnet de dettes trouvé dans les affaires du parent défunt prouve qu’une maison rivale a provoqué la ruine familiale. Il doit choisir entre vengeance publique, justice commerciale ou alliance risquée avec les créanciers.
Humains	Garde civique démissionnaire	Ancien membre de la Garde civique. Il connaît les postes de garde, les patrouilles et les méthodes de la Prévôté.	Il a refusé un ordre jugé injuste et cherche maintenant à agir hors de la hiérarchie.	L’ordre injuste qu’il a refusé a quand même été exécuté par son ancienne escouade. Un témoin survivant le cherche désormais, persuadé qu’il connaît les vrais responsables.
Humains	Apprenti du clergé de Saint-Aldric	Formé dans les bâtiments religieux du Centre Civique. Il a servi lors de cérémonies publiques.	Il veut confronter sa foi à la réalité des rues, des morts et des injustices.	Une confession reçue avant une exécution contredit la version officielle du clergé. S’il enquête, il risque d’exposer un prêtre respecté et de briser la seule communauté qui l’a formé.
Humains	Descendant d’un survivant de Nyx	Sa famille vivait près du quartier touché par la catastrophe de Nyx. Depuis, elle évite d’en parler.	Il veut comprendre pourquoi sa famille garde le silence.	Un inconnu lui remet un symbole calciné qui appartenait à son ancêtre, avec une liste de survivants rayés un à un. La prochaine personne sur la liste porte son nom de famille.
Humains	Employé de bibliothèque	Il travaillait comme copiste, aide-archiviste ou porteur de livres dans le Quartier du Savoir.	Il a perdu son poste après avoir consulté un document non autorisé.	Le document interdit qu’il a lu disparaît des archives, mais certains passages commencent à apparaître dans ses rêves. Un archiviste clandestin lui propose de l’aider s’il accepte de voler la suite du texte.
Humains	Artisan ruiné	Ancien artisan du Centre Civique ou de la Vieille Ville. Il a perdu son atelier dans un incendie.( à cause d’une dette? )	Il cherche l’argent, la protection ou la réputation nécessaires pour se reconstruire.	L’incendie de son atelier n’était pas un accident: une pièce qu’il avait fabriquée a été récupérée dans les cendres. La retrouver pourrait prouver le sabotage, ou attirer ceux qui voulaient l’objet à tout prix.
Nains	Enfant des Terrasses	Né dans les Terrasses Naines. Sa famille vit entre la Place des Terrasses, le Temple-Forgeron et la Mine d’Argent.	Il veut défendre les intérêts nains hors du quartier.	Une décision du Conseil menace de céder une galerie naine à des intérêts extérieurs. Sa famille lui demande de trouver une preuve de fraude avant que les Terrasses ne se divisent entre compromis et révolte.
Nains	Apprenti du Temple-Forgeron	Formé aux rites de la forge.	Il doit prouver sa valeur avant de recevoir un vrai rôle religieux ou clanique.	La flamme sacrée du Temple-Forgeron faiblit depuis qu’un ancien marteau rituel a été vendu en secret. Le récupérer lui offrirait sa place, mais accuserait un dignitaire nain de sacrilège.
Nains	Héritier de contremaître	Sa famille travaille pour la Guilde des Mineurs depuis plusieurs générations.	Il refuse de n’être qu’un héritier de guilde.	Un éboulement présenté comme un accident cache la négligence d’un contremaître allié à sa famille. En révélant la vérité, il sauverait des mineurs, mais détruirait l’héritage qu’on lui impose.
Nains	Forgeron sans atelier	Artisan nain des Terrasses.	Il cherche les moyens d'acheter un atelier.	Un client mystérieux lui propose l’argent nécessaire pour acheter une forge en échange d’une lame impossible à identifier. Chaque indice sur le métal mène vers la Mine d’Argent et une dette ancienne.
Nains	Gardien de tombe	Sa famille entretient depuis longtemps une partie du Cimetière des Terrasses.	Une profanation récente l’a convaincu qu'il fallait enqueter.	La tombe profanée contenait un ancêtre dont le nom a été effacé des registres nains. Les voleurs n’ont pris qu’un os gravé, et depuis, les morts des Terrasses semblent refuser le silence.
Nains	Nain sans clan	Né nain, mais grandi dans un quartier humain. Il connaît mal les coutumes de son peuple.	Il veut choisir lui-même ce que signifie être nain à Valombre.	Un clan inconnu le revendique soudain après des années d’indifférence. Leur accueil cache une exigence: porter la responsabilité d’un crime ancestral pour préserver l’honneur du vrai coupable.
Nains	Parent d’un notable nain	Il appartient à une famille impliquée dans les relations entre les Terrasses et le Conseil.	Il veut agir sur le terrain plutôt que dans les débats politiques.	Il découvre que son parent négocie en secret un accord qui abandonnera des familles mineures à la misère. S’il agit, il devient un traître politique; s’il se tait, il trahit les siens.
Demi-orcs	Manœuvre	Employé comme force de travail dans les galeries, les entrepôts ou les chantiers.	Il veut sortir des tâches les plus dangereuses et être reconnu autrement que par sa force.	Un camarade de chantier disparaît après avoir trouvé une veine étrange sous la ville. Les contremaîtres parlent d’un départ volontaire, mais son outil préféré est revenu couvert d’une poussière noire.
Demi-orcs	Garde de porte	Recruté pour tenir une porte, un entrepôt ou un poste de contrôle.	Il a laissé passer quelqu’un qu’il n’aurait pas dû laisser passer.	La personne qu’il a laissée passer a assassiné quelqu’un pendant la nuit, ou a été accusée de l’avoir fait. Retrouver son visage devient le seul moyen de savoir s’il est complice, victime ou bouc émissaire.
Demi-orcs	Enfant d’ouvriers étrangers	Né dans une famille venue chercher du travail à Valombre.	Il veut gagner assez pour protéger sa famille des expulsions, dettes ou violences.	Un collecteur de dettes menace d’expulser sa famille en utilisant un contrat écrit dans une langue qu’elle ne lit pas. Il doit prouver l’arnaque avant que la Garde ne vienne vider leur logement.
Demi-orcs	Ancien videur de la Vieille Ville	Employé dans une auberge, une maison de jeu ou un entrepôt douteux.	Il a vu trop de disparitions et veut comprendre ce qui se passe réellement.	Une ancienne habituée lui confie avant de disparaître qu’un salon privé vend des noms à des hommes masqués. Son passé lui ouvre les portes de l’enquête, mais les tenanciers savent toutes ses faiblesses.
Demi-orcs	Protégé d’un sergent	Recruté jeune par un sergent de la Garde civique qui lui a donné une chance.	Son protecteur a été muté, arrêté ou tué.	Le sergent qui l’a protégé est officiellement mort, mais une lettre récente porte sa signature et un code de caserne. Le retrouver pourrait sauver son honneur ou révéler qu’il a trahi la Garde.
Demi-orcs	Porteur de cadavres	Employé pour déplacer les morts après épidémies, accidents de mine ou violences de quartier.	Il a reconnu un corps déclaré mort deux fois.	Le corps reconnu deux fois appartient à quelqu’un qui aurait dû être enterré sous un autre nom. Des familles paient pour faire disparaître les morts, et l’une d’elles veut maintenant le faire taire.
Demi-orcs	Travailleur des égouts	Affecté à l’entretien des conduits, pompes et quais souterrains.	Il connaît des passages que les autorités ignorent ou refusent de cartographier.	Une carte interdite des conduits mentionne une porte qui n’existe sur aucun plan officiel. Derrière elle, il trouve des traces fraîches, des symboles de Nyx et le signe de quelqu’un qui connaît son nom.
Demi-orcs	Garde d’une maison marchande	Employé comme escorte par une maison marchande humaine.	Il a été accusé d’un vol commis pendant son tour de garde.	Le vol dont il est accusé cache le transport d’un objet plus dangereux que précieux. Sa seule chance de laver son nom est de retrouver la cargaison avant que son ancien employeur ne l’enterre avec l’affaire.
Demi-orcs	Survivant d’émeute	Il a grandi dans un quartier où la garde intervient rarement et où les foules peuvent devenir dangereuses.	Il veut empêcher que les violences de rue détruisent les siens.	Un meneur d’émeute qu’il croyait mort réapparaît pour rallumer la violence dans son quartier. Il doit découvrir qui finance les troubles avant que sa famille ne soit entraînée dans les représailles.
Demi-orcs	Fossoyeur occasionnel	Il a travaillé près du cimetière comme porteur, terrassier ou gardien temporaire.	Il est soupçonné à tort d’avoir profané une tombe.	La tombe qu’on l’accuse d’avoir profanée contenait un cercueil vide et une inscription récente à l’intérieur du couvercle. Prouver son innocence revient à expliquer pourquoi quelqu’un a simulé sa propre mort.
Elfes	Exilé de la Vieille Ville	Elfe arrivé sans protection, installé dans les rues basses où vivent ceux que les institutions ignorent.	Il veut obtenir un garant, un statut ou une protection durable.	Un faux garant lui propose enfin une protection officielle, mais le document le lie à une dette qu’il ne comprend pas. Pour rester libre, il doit remonter jusqu’à ceux qui vendent des identités aux exilés.
Elfes	Guérisseur clandestin	Soigne les pauvres, les malades et les fugitifs dans les bas-fonds.	Des patients disparaissent après avoir reçu certaines visites.	Un patient sauvé par ses soins revient changé, incapable de reconnaître sa propre famille. Les visiteurs qui l’ont emmené portent le sceau d’une institution respectable de Valombre.
Elfes	Musicien des tavernes basses	Joue dans les auberges et salles communes de la Vieille Ville.	Une chanson ancienne qu’il connaît attire l’attention de gens dangereux.	La chanson ancienne contient en réalité une liste de lieux et de noms codés. Des inconnus l’applaudissent trop fort, puis exigent qu’il chante le couplet manquant.
Elfes	Archiviste sans poste	A travaillé comme lecteur, traducteur ou copiste indépendant sans être accepté par l’Université.	Il cherche un texte rare qui pourrait lui ouvrir les portes du Quartier du Savoir.	Le texte rare qu’il poursuit est attribué à un auteur mort avant la fondation de Valombre. Chaque fragment retrouvé contredit l’histoire officielle et attire un rival de l’Université.
Elfes	Enfant d’une communauté effacée	Sa famille elfe a vécu à Valombre avant d’être repoussée vers les quartiers pauvres.	Il veut retrouver les traces de cette communauté.	Une fresque murée révèle que sa communauté possédait autrefois un droit légal sur une partie de la Vieille Ville. Restaurer cette mémoire pourrait protéger les siens, mais réveillerait les familles qui ont profité de l’effacement.
Elfes	Contrebandier de médicaments	Transporte herbes, fioles et remèdes entre la Vieille Ville et les quartiers plus riches.	Un client important lui a laissé une dette ou une menace.	Le client qui le menace n’a jamais voulu des remèdes: il utilisait les livraisons pour cartographier les malades. Maintenant, une fiole vide retrouvée chez lui porte le nom d’un proche.
Elfes	Voyant des ruelles	Connu dans les bas-fonds pour des intuitions, rêves ou lectures étranges.	Ses visions deviennent trop précises pour être ignorées.	Ses visions annoncent un meurtre avec des détails impossibles, puis montrent ses propres mains tachées de sang. Il doit découvrir s’il voit l’avenir, un piège mental ou le souvenir de quelqu’un d’autre.
Elfes	Ancien serviteur des Hauteurs	A servi dans une maison noble ou marchande avant d’être renvoyé.	Il cherche à récupérer une preuve de son innocence.	La preuve de son innocence est enfermée dans la maison qui l’a renvoyé, mais un nouveau domestique y subit le même complot. Il peut se sauver seul ou exposer tout un réseau d’abus des Hauteurs.
Elfes	Orphelin du quartier malade	A grandi parmi les malades, les pauvres et les exclus de la Vieille Ville.	Il veut savoir pourquoi certains malades sont pris en charge et d’autres disparaissent.	Un registre médical classe certains pauvres comme “récupérables” et d’autres comme “perdus”. Son propre nom apparaît dans une ancienne page, accompagné d’une date qui n’est pas encore arrivée.
Elfes	Éclaireur des toits	Connaît les toits, passerelles et cours intérieures de la Vieille Ville.	Il a surpris un trajet nocturne impossible entre deux bâtiments.	Le trajet nocturne impossible mène à une passerelle invisible qui n’apparaît qu’à certaines heures. Quelqu’un l’utilise pour enlever des témoins sans jamais traverser les rues surveillées.
Demi-elfes	Enfant de deux quartiers	Né d’un parent humain et d’un parent elfe. Il a vécu entre le Centre Civique et la Vieille Ville sans appartenir pleinement à aucun.	Il veut choisir son propre camp.	Un conflit entre le Centre Civique et la Vieille Ville le force à servir d’intermédiaire. Les deux camps lui demandent la même chose: trahir l’autre avant que son double héritage ne devienne une accusation.
Demi-elfes	Apprenti refusé par l’Université	Possède un talent magique reconnu, mais pas les soutiens nécessaires pour intégrer durablement l’Université.	Il cherche un maître, un grimoire ou une preuve de sa valeur.	Un maître sans titre lui offre enfin un enseignement, mais chaque leçon ressemble à un vol de souvenirs. Pour gagner sa place, il doit déterminer ce que son mentor veut vraiment éveiller en lui.
Demi-elfes	Bâtard d’une famille des Hauteurs	Enfant non reconnu d’une maison marchande ou noble.	Il veut obtenir reconnaissance, héritage ou indépendance.	Un sceau familial authentique arrive entre ses mains avec une convocation à un héritage secret. S’il se présente, il devient une menace pour les héritiers légitimes; s’il refuse, quelqu’un d’autre prendra son nom.
Demi-elfes	Interprète de marchés	Travaille entre marchands, étrangers, nains et habitants des rues basses.	Il a entendu trop de versions contradictoires d’un même événement.	Les versions contradictoires qu’il a entendues sont toutes vraies, mais racontées depuis des moments différents. Un témoin lui demande de traduire une langue qu’il ne connaît pas encore.
Demi-elfes	Enfant d’un garde et d’une réfugiée elfe	A grandi près des postes de garde, mais connaît aussi la méfiance des bas-fonds.	Il veut retrouver la trace d’un parent disparu pendant une opération de maintien de l’ordre.	Le dossier de l’opération où son parent a disparu a été classé sous un faux numéro. En le cherchant, il découvre que plusieurs enfants mixtes ont été suivis depuis leur naissance.
Demi-elfes	Aide d’apothicaire	Travaille dans une boutique de remèdes, herbes ou fioles de la Vieille Ville.	Un remède vendu légalement a eu un effet impossible.	Le remède impossible a guéri une blessure ancienne, puis a déplacé la maladie sur quelqu’un d’autre. L’apothicaire lui demande de se taire, mais la prochaine victime frappe à la porte.
Demi-elfes	Faux noble	Se fait passer pour un petit noble ou un agent de maison afin de circuler entre quartiers.	Son mensonge commence à attirer de vrais ennemis.	Le nom qu’il a inventé appartient à une lignée officiellement éteinte. Des créanciers, des assassins et un notaire viennent maintenant réclamer des comptes au “dernier héritier”.
Demi-elfes	Contact de la Résistance	Il transmet parfois messages, nourriture ou médicaments entre la Vieille Ville et les quartiers surveillés.	Une livraison a mal tourné et il veut comprendre qui l’a trahi.	La livraison trahie contenait un message incomplet qui accuse un membre respecté de la Résistance. S’il suit la piste, il risque de prouver que son réseau est infiltré depuis le début.
Demi-elfes	Cartographe de fortune	Dessine des plans de rues, de caves et de passages pour les habitants qui veulent éviter la garde.	Ses cartes ne correspondent plus toujours à la ville réelle.	Ses cartes changent parce que certaines rues changent réellement de place après minuit. Une famille disparue lui laisse un plan annoté de sa propre main, daté de demain.
Demi-elfes	Survivant d’un rituel raté	A été entraîné jeune dans une pratique occulte de quartier, sans en comprendre la portée.	Des signes de ce rituel réapparaissent autour de lui.	Les signes du rituel réapparaissent sur les murs autour de ceux qui l’ont abandonné enfant. Chaque marque rapproche l’achèvement du rituel, et il semble en être la dernière pièce vivante.
